OTU,Kingdom,Phylum,Class,Order,Family,Genus,Species,Class2
Otu318,Fungi,Ascomycota,A_Archaeorhizomycetes,A_Archaeorhizomycetales,Archaeorhizomycetaceae,Archaeorhizomyces,Unclassified,AO
Otu129,Fungi,Ascomycota,A_Archaeorhizomycetes,A_Archaeorhizomycetales,Archaeorhizomycetaceae,Archaeorhizomyces,Unclassified,AO
Otu44,Fungi,Ascomycota,A_Arthoniomycetes,A_Unclassified,Unclassified,Unclassified,Unclassified,AO
Otu205,Fungi,Ascomycota,A_Candelariomycetes,A_Candelariales,Pycnoraceae,Pycnora,Unclassified,AO
Otu246,Fungi,Ascomycota,A_Dothideomycetes,A_Botryosphaeriales,Botryosphaeriaceae,Phaeobotryon,Phaeobotryon cupressi,A_Dothideomycetes
Otu58,Fungi,Ascomycota,A_Dothideomycetes,A_Capnodiales,Cladosporiaceae,Cladosporium,Cladosporium grevilleae,A_Dothideomycetes
Otu188,Fungi,Ascomycota,A_Dothideomycetes,A_Capnodiales,Cladosporiaceae,Cladosporium,Cladosporium sphaerospermum,A_Dothideomycetes
Otu11,Fungi,Ascomycota,A_Dothideomycetes,A_Capnodiales,Cladosporiaceae,Unclassified,Unclassified,A_Dothideomycetes
Otu76,Fungi,Ascomycota,A_Dothideomycetes,A_Capnodiales,Incertae_sedis,Hispidoconidioma,Hispidoconidioma alpinum,A_Dothideomycetes
Otu92,Fungi,Ascomycota,A_Dothideomycetes,A_Capnodiales,Mycosphaerellaceae,Unclassified,Unclassified,A_Dothideomycetes
Otu173,Fungi,Ascomycota,A_Dothideomycetes,A_Capnodiales,Mycosphaerellaceae,Unclassified,Unclassified,A_Dothideomycetes
Otu152,Fungi,Ascomycota,A_Dothideomycetes,A_Capnodiales,Mycosphaerellaceae,Mycosphaerella,Mycosphaerella tassiana,A_Dothideomycetes
Otu10,Fungi,Ascomycota,A_Dothideomycetes,A_Capnodiales,Mycosphaerellaceae,Mycosphaerella,Mycosphaerella tassiana,A_Dothideomycetes
Otu327,Fungi,Ascomycota,A_Dothideomycetes,A_Capnodiales,Teratosphaeriaceae,Teratosphaeria,Unclassified,A_Dothideomycetes
Otu262,Fungi,Ascomycota,A_Dothideomycetes,A_Capnodiales,Teratosphaeriaceae,Devriesia,Devriesia pseudoamericana,A_Dothideomycetes
Otu153,Fungi,Ascomycota,A_Dothideomycetes,A_Capnodiales,Teratosphaeriaceae,Unclassified,Unclassified,A_Dothideomycetes
Otu150,Fungi,Ascomycota,A_Dothideomycetes,A_Capnodiales,Teratosphaeriaceae,Phaeothecoidea,Unclassified,A_Dothideomycetes
Otu148,Fungi,Ascomycota,A_Dothideomycetes,A_Capnodiales,Teratosphaeriaceae,Lapidomyces,Lapidomyces hispanicus,A_Dothideomycetes
Otu101,Fungi,Ascomycota,A_Dothideomycetes,A_Capnodiales,Teratosphaeriaceae,Xenomeris,Xenomeris sp ,A_Dothideomycetes
Otu55,Fungi,Ascomycota,A_Dothideomycetes,A_Capnodiales,Unclassified,Unclassified,Unclassified,A_Dothideomycetes
Otu264,Fungi,Ascomycota,A_Dothideomycetes,A_Capnodiales,Unclassified,Unclassified,Unclassified,A_Dothideomycetes
Otu203,Fungi,Ascomycota,A_Dothideomycetes,A_Capnodiales,Unclassified,Unclassified,Unclassified,A_Dothideomycetes
Otu117,Fungi,Ascomycota,A_Dothideomycetes,A_Capnodiales,Unclassified,Unclassified,Unclassified,A_Dothideomycetes
Otu107,Fungi,Ascomycota,A_Dothideomycetes,A_Capnodiales,Unclassified,Unclassified,Unclassified,A_Dothideomycetes
Otu9,Fungi,Ascomycota,A_Dothideomycetes,A_Capnodiales,Cladosporiaceae,Cladosporium,Unclassified,A_Dothideomycetes
Otu83,Fungi,Ascomycota,A_Dothideomycetes,A_Dothideales,Aureobasidiaceae,Unclassified,Unclassified,A_Dothideomycetes
Otu274,Fungi,Ascomycota,A_Dothideomycetes,A_Dothideales,Aureobasidiaceae,Unclassified,Unclassified,A_Dothideomycetes
Otu75,Fungi,Ascomycota,A_Dothideomycetes,A_Dothideales,Dothideaceae,Celosporium,Unclassified,A_Dothideomycetes
Otu370,Fungi,Ascomycota,A_Dothideomycetes,A_Dothideales,Dothideaceae,Endoconidioma,Endoconidioma populi,A_Dothideomycetes
Otu252,Fungi,Ascomycota,A_Dothideomycetes,A_Dothideales,Dothideaceae,Celosporium,Unclassified,A_Dothideomycetes
Otu123,Fungi,Ascomycota,A_Dothideomycetes,A_Dothideales,Dothideaceae,Dothidea,Dothidea insculpta,A_Dothideomycetes
Otu119,Fungi,Ascomycota,A_Dothideomycetes,A_Dothideales,Dothideaceae,Dothidea,Unclassified,A_Dothideomycetes
Otu59,Fungi,Ascomycota,A_Dothideomycetes,A_Dothideales,Dothioraceae,Sydowia,Sydowia polyspora,A_Dothideomycetes
Otu57,Fungi,Ascomycota,A_Dothideomycetes,A_Dothideales,Dothioraceae,Hormonema,Hormonema macrosporum,A_Dothideomycetes
Otu125,Fungi,Ascomycota,A_Dothideomycetes,A_Dothideales,Dothioraceae,Perusta,Perusta inaequalis,A_Dothideomycetes
Otu37,Fungi,Ascomycota,A_Dothideomycetes,A_Dothideales,Unclassified,Unclassified,Unclassified,A_Dothideomycetes
Otu224,Fungi,Ascomycota,A_Dothideomycetes,A_Dothideales,Unclassified,Unclassified,Unclassified,A_Dothideomycetes
Otu210,Fungi,Ascomycota,A_Dothideomycetes,A_Dothideales,Unclassified,Unclassified,Unclassified,A_Dothideomycetes
Otu181,Fungi,Ascomycota,A_Dothideomycetes,A_Dothideales,Unclassified,Unclassified,Unclassified,A_Dothideomycetes
Otu14,Fungi,Ascomycota,A_Dothideomycetes,A_Dothideales,Unclassified,Unclassified,Unclassified,A_Dothideomycetes
Otu133,Fungi,Ascomycota,A_Dothideomycetes,A_Dothideales,Unclassified,Unclassified,Unclassified,A_Dothideomycetes
Otu127,Fungi,Ascomycota,A_Dothideomycetes,A_Dothideales,Zalariaceae,Zalaria,Unclassified,A_Dothideomycetes
Otu35,Fungi,Ascomycota,A_Dothideomycetes,A_Unclassified,incertae_sedis,Coniosporium,Unclassified,A_Dothideomycetes
Otu187,Fungi,Ascomycota,A_Dothideomycetes,A_Mycosphaerellales,Teratosphaeriaceae,Unclassified,Unclassified,A_Dothideomycetes
Otu156,Fungi,Ascomycota,A_Dothideomycetes,A_Mycosphaerellales,Teratosphaeriaceae,Unclassified,Unclassified,A_Dothideomycetes
Otu68,Fungi,Ascomycota,A_Dothideomycetes,A_Mycosphaerellales,Unclassified,Unclassified,Unclassified,A_Dothideomycetes
Otu139,Fungi,Ascomycota,A_Dothideomycetes,A_Myriangiales,Incertae_sedis,Endosporium,Endosporium,A_Dothideomycetes
Otu88,Fungi,Ascomycota,A_Dothideomycetes,A_Myriangiales,Unclassified,Unclassified,Unclassified,A_Dothideomycetes
Otu160,Fungi,Ascomycota,A_Dothideomycetes,A_Myriangiales,Unclassified,Unclassified,Unclassified,A_Dothideomycetes
Otu364,Fungi,Ascomycota,A_Dothideomycetes,A_Mytilinidiales,Incertae_sedis,Halokirschsteiniothelia,Halokirschsteiniothelia maritima,A_Dothideomycetes
Otu232,Fungi,Ascomycota,A_Dothideomycetes,A_Pleosporales,Didymellaceae,Unclassified,Unclassified,A_Dothideomycetes
Otu20,Fungi,Ascomycota,A_Dothideomycetes,A_Pleosporales,Didymellaceae,Unclassified,Unclassified,A_Dothideomycetes
Otu172,Fungi,Ascomycota,A_Dothideomycetes,A_Pleosporales,Didymellaceae,Didymella,Unclassified,A_Dothideomycetes
Otu178,Fungi,Ascomycota,A_Dothideomycetes,A_Pleosporales,Periconiaceae,Periconia,Unclassified,A_Dothideomycetes
Otu296,Fungi,Ascomycota,A_Dothideomycetes,A_Pleosporales,Phaeosphaeriaceae,Unclassified,Unclassified,A_Dothideomycetes
Otu104,Fungi,Ascomycota,A_Dothideomycetes,A_Pleosporales,Phaeosphaeriaceae,Sclerostagonospora,Unclassified,A_Dothideomycetes
Otu82,Fungi,Ascomycota,A_Dothideomycetes,A_Pleosporales,Pleosporaceae,Alternaria,Unclassified,A_Dothideomycetes
Otu81,Fungi,Ascomycota,A_Dothideomycetes,A_Pleosporales,Pleosporaceae,Alternaria,Unclassified,A_Dothideomycetes
Otu5,Fungi,Ascomycota,A_Dothideomycetes,A_Pleosporales,Pleosporaceae,Alternaria,Unclassified,A_Dothideomycetes
Otu401,Fungi,Ascomycota,A_Dothideomycetes,A_Pleosporales,Pleosporaceae,Curvularia,Unclassified,A_Dothideomycetes
Otu387,Fungi,Ascomycota,A_Dothideomycetes,A_Pleosporales,Pleosporaceae,Curvularia,Curvularia hawaiiensis,A_Dothideomycetes
Otu299,Fungi,Ascomycota,A_Dothideomycetes,A_Pleosporales,Pleosporaceae,Alternaria,Alternaria rosae,A_Dothideomycetes
Otu216,Fungi,Ascomycota,A_Dothideomycetes,A_Pleosporales,Pleosporaceae,Comoclathris,Comoclathris sedi,A_Dothideomycetes
Otu120,Fungi,Ascomycota,A_Dothideomycetes,A_Pleosporales,Pleosporaceae,Alternaria,Unclassified,A_Dothideomycetes
Otu108,Fungi,Ascomycota,A_Dothideomycetes,A_Pleosporales,Pleosporaceae,Alternaria,Unclassified,A_Dothideomycetes
Otu206,Fungi,Ascomycota,A_Dothideomycetes,A_Pleosporales,Sporormiaceae,Sparticola,Sparticola junci,A_Dothideomycetes
Otu199,Fungi,Ascomycota,A_Dothideomycetes,A_Pleosporales,Sporormiaceae,Sparticola,Unclassified,A_Dothideomycetes
Otu373,Fungi,Ascomycota,A_Dothideomycetes,A_Pleosporales,Unclassified,Unclassified,Unclassified,A_Dothideomycetes
Otu363,Fungi,Ascomycota,A_Dothideomycetes,A_Pleosporales,Unclassified,Unclassified,Unclassified,A_Dothideomycetes
Otu288,Fungi,Ascomycota,A_Dothideomycetes,A_Pleosporales,Unclassified,Unclassified,Unclassified,A_Dothideomycetes
Otu284,Fungi,Ascomycota,A_Dothideomycetes,A_Pleosporales,Unclassified,Unclassified,Unclassified,A_Dothideomycetes
Otu209,Fungi,Ascomycota,A_Dothideomycetes,A_Pleosporales,Unclassified,Unclassified,Unclassified,A_Dothideomycetes
Otu163,Fungi,Ascomycota,A_Dothideomycetes,A_Pleosporales,Unclassified,Unclassified,Unclassified,A_Dothideomycetes
Otu124,Fungi,Ascomycota,A_Dothideomycetes,A_Pleosporales,Unclassified,Unclassified,Unclassified,A_Dothideomycetes
Otu96,Fungi,Ascomycota,A_Dothideomycetes,A_Unclassified,Unclassified,Unclassified,Unclassified,A_Dothideomycetes
Otu95,Fungi,Ascomycota,A_Dothideomycetes,A_Unclassified,Unclassified,Unclassified,Unclassified,A_Dothideomycetes
Otu94,Fungi,Ascomycota,A_Dothideomycetes,A_Unclassified,Unclassified,Unclassified,Unclassified,A_Dothideomycetes
Otu90,Fungi,Ascomycota,A_Dothideomycetes,A_Unclassified,Unclassified,Unclassified,Unclassified,A_Dothideomycetes
Otu89,Fungi,Ascomycota,A_Dothideomycetes,A_Unclassified,Unclassified,Unclassified,Unclassified,A_Dothideomycetes
Otu78,Fungi,Ascomycota,A_Dothideomycetes,A_Unclassified,Unclassified,Unclassified,Unclassified,A_Dothideomycetes
Otu69,Fungi,Ascomycota,A_Dothideomycetes,A_Unclassified,Unclassified,Unclassified,Unclassified,A_Dothideomycetes
Otu398,Fungi,Ascomycota,A_Dothideomycetes,A_Unclassified,Unclassified,Unclassified,Unclassified,A_Dothideomycetes
Otu396,Fungi,Ascomycota,A_Dothideomycetes,A_Unclassified,Unclassified,Unclassified,Unclassified,A_Dothideomycetes
Otu389,Fungi,Ascomycota,A_Dothideomycetes,A_Unclassified,Unclassified,Unclassified,Unclassified,A_Dothideomycetes
Otu368,Fungi,Ascomycota,A_Dothideomycetes,A_Unclassified,Unclassified,Unclassified,Unclassified,A_Dothideomycetes
Otu36,Fungi,Ascomycota,A_Dothideomycetes,A_Unclassified,Unclassified,Unclassified,Unclassified,A_Dothideomycetes
Otu34,Fungi,Ascomycota,A_Dothideomycetes,A_Unclassified,Unclassified,Unclassified,Unclassified,A_Dothideomycetes
Otu332,Fungi,Ascomycota,A_Dothideomycetes,A_Unclassified,Unclassified,Unclassified,Unclassified,A_Dothideomycetes
Otu311,Fungi,Ascomycota,A_Dothideomycetes,A_Unclassified,Unclassified,Unclassified,Unclassified,A_Dothideomycetes
Otu283,Fungi,Ascomycota,A_Dothideomycetes,A_Unclassified,Unclassified,Unclassified,Unclassified,A_Dothideomycetes
Otu267,Fungi,Ascomycota,A_Dothideomycetes,A_Unclassified,Unclassified,Unclassified,Unclassified,A_Dothideomycetes
Otu253,Fungi,Ascomycota,A_Dothideomycetes,A_Unclassified,Unclassified,Unclassified,Unclassified,A_Dothideomycetes
Otu233,Fungi,Ascomycota,A_Dothideomycetes,A_Unclassified,Unclassified,Unclassified,Unclassified,A_Dothideomycetes
Otu214,Fungi,Ascomycota,A_Dothideomycetes,A_Unclassified,Unclassified,Unclassified,Unclassified,A_Dothideomycetes
Otu208,Fungi,Ascomycota,A_Dothideomycetes,A_Unclassified,Unclassified,Unclassified,Unclassified,A_Dothideomycetes
Otu207,Fungi,Ascomycota,A_Dothideomycetes,A_Unclassified,Unclassified,Unclassified,Unclassified,A_Dothideomycetes
Otu196,Fungi,Ascomycota,A_Dothideomycetes,A_Unclassified,Unclassified,Unclassified,Unclassified,A_Dothideomycetes
Otu189,Fungi,Ascomycota,A_Dothideomycetes,A_Unclassified,Unclassified,Unclassified,Unclassified,A_Dothideomycetes
Otu185,Fungi,Ascomycota,A_Dothideomycetes,A_Unclassified,Unclassified,Unclassified,Unclassified,A_Dothideomycetes
Otu122,Fungi,Ascomycota,A_Dothideomycetes,A_Unclassified,Unclassified,Unclassified,Unclassified,A_Dothideomycetes
Otu110,Fungi,Ascomycota,A_Dothideomycetes,A_Unclassified,Unclassified,Unclassified,Unclassified,A_Dothideomycetes
Otu138,Fungi,Ascomycota,A_Dothideomycetes,A_Venturiales,Venturiaceae,Unclassified,Unclassified,A_Dothideomycetes
Otu343,Fungi,Ascomycota,A_Eurotiomycetes,A_Chaetothyriales,Herpotrichiellaceae,Cladophialophora,Unclassified,A_Eurotiomycetes
Otu33,Fungi,Ascomycota,A_Eurotiomycetes,A_Chaetothyriales,Herpotrichiellaceae,Coniosporium,Unclassified,A_Eurotiomycetes
Otu250,Fungi,Ascomycota,A_Eurotiomycetes,A_Chaetothyriales,Herpotrichiellaceae,Exophiala,Unclassified,A_Eurotiomycetes
Otu180,Fungi,Ascomycota,A_Eurotiomycetes,A_Chaetothyriales,Herpotrichiellaceae,Unclassified,Unclassified,A_Eurotiomycetes
Otu157,Fungi,Ascomycota,A_Eurotiomycetes,A_Chaetothyriales,Herpotrichiellaceae,Unclassified,Unclassified,A_Eurotiomycetes
Otu145,Fungi,Ascomycota,A_Eurotiomycetes,A_Chaetothyriales,Herpotrichiellaceae,Unclassified,Unclassified,A_Eurotiomycetes
Otu352,Fungi,Ascomycota,A_Eurotiomycetes,A_Chaetothyriales,Trichomeriaceae,Knufia,Unclassified,A_Eurotiomycetes
Otu204,Fungi,Ascomycota,A_Eurotiomycetes,A_Chaetothyriales,Trichomeriaceae,Knufia,Unclassified,A_Eurotiomycetes
Otu190,Fungi,Ascomycota,A_Eurotiomycetes,A_Chaetothyriales,Trichomeriaceae,Knufia,Unclassified,A_Eurotiomycetes
Otu80,Fungi,Ascomycota,A_Eurotiomycetes,A_Chaetothyriales,Unclassified,Unclassified,Unclassified,A_Eurotiomycetes
Otu289,Fungi,Ascomycota,A_Eurotiomycetes,A_Chaetothyriales,Unclassified,Unclassified,Unclassified,A_Eurotiomycetes
Otu281,Fungi,Ascomycota,A_Eurotiomycetes,A_Chaetothyriales,Unclassified,Unclassified,Unclassified,A_Eurotiomycetes
Otu225,Fungi,Ascomycota,A_Eurotiomycetes,A_Chaetothyriales,Unclassified,Unclassified,Unclassified,A_Eurotiomycetes
Otu197,Fungi,Ascomycota,A_Eurotiomycetes,A_Chaetothyriales,Unclassified,Unclassified,Unclassified,A_Eurotiomycetes
Otu177,Fungi,Ascomycota,A_Eurotiomycetes,A_Chaetothyriales,Unclassified,Unclassified,Unclassified,A_Eurotiomycetes
Otu166,Fungi,Ascomycota,A_Eurotiomycetes,A_Chaetothyriales,Unclassified,Unclassified,Unclassified,A_Eurotiomycetes
Otu91,Fungi,Ascomycota,A_Eurotiomycetes,A_Eurotiales,Aspergillaceae,Penicillium,Unclassified,A_Eurotiomycetes
Otu84,Fungi,Ascomycota,A_Eurotiomycetes,A_Eurotiales,Aspergillaceae,Penicillium,Penicillium roseopurpureum,A_Eurotiomycetes
Otu405,Fungi,Ascomycota,A_Eurotiomycetes,A_Eurotiales,Aspergillaceae,Aspergillus,Aspergillus flavus,A_Eurotiomycetes
Otu38,Fungi,Ascomycota,A_Eurotiomycetes,A_Eurotiales,Aspergillaceae,Penicillium,Unclassified,A_Eurotiomycetes
Otu367,Fungi,Ascomycota,A_Eurotiomycetes,A_Eurotiales,Aspergillaceae,Aspergillus,Aspergillus flavus,A_Eurotiomycetes
Otu312,Fungi,Ascomycota,A_Eurotiomycetes,A_Eurotiales,Aspergillaceae,Penicillium,Unclassified,A_Eurotiomycetes
Otu285,Fungi,Ascomycota,A_Eurotiomycetes,A_Eurotiales,Aspergillaceae,Aspergillus,Unclassified,A_Eurotiomycetes
Otu271,Fungi,Ascomycota,A_Eurotiomycetes,A_Eurotiales,Aspergillaceae,Penicillium,Penicillium corylophilum,A_Eurotiomycetes
Otu259,Fungi,Ascomycota,A_Eurotiomycetes,A_Eurotiales,Aspergillaceae,Penicillium,Unclassified,A_Eurotiomycetes
Otu245,Fungi,Ascomycota,A_Eurotiomycetes,A_Eurotiales,Aspergillaceae,Aspergillus,Unclassified,A_Eurotiomycetes
Otu244,Fungi,Ascomycota,A_Eurotiomycetes,A_Eurotiales,Aspergillaceae,Penicillium,Unclassified,A_Eurotiomycetes
Otu242,Fungi,Ascomycota,A_Eurotiomycetes,A_Eurotiales,Aspergillaceae,Penicillium,Unclassified,A_Eurotiomycetes
Otu237,Fungi,Ascomycota,A_Eurotiomycetes,A_Eurotiales,Aspergillaceae,Penicillium,Unclassified,A_Eurotiomycetes
Otu236,Fungi,Ascomycota,A_Eurotiomycetes,A_Eurotiales,Aspergillaceae,Penicillium,Penicillium miczynskii,A_Eurotiomycetes
Otu137,Fungi,Ascomycota,A_Eurotiomycetes,A_Eurotiales,Aspergillaceae,Aspergillus,Aspergillus intermedius,A_Eurotiomycetes
Otu261,Fungi,Ascomycota,A_Eurotiomycetes,A_Mycocaliciales,Mycocaliciaceae,Chaenothecopsis,Chaenothecopsis savonica,A_Eurotiomycetes
Otu317,Fungi,Ascomycota,A_Eurotiomycetes,A_Onygenales,Ascosphaeraceae,Ascosphaera,Ascosphaera xerophila,A_Eurotiomycetes
Otu195,Fungi,Ascomycota,A_Eurotiomycetes,A_Onygenales,Gymnoascaceae,Unclassified,Unclassified,A_Eurotiomycetes
Otu316,Fungi,Ascomycota,A_Eurotiomycetes,A_Onygenales,Incertae_sedis,Chrysosporium,Chrysosporium tropicum,A_Eurotiomycetes
Otu102,Fungi,Ascomycota,A_Eurotiomycetes,A_Onygenales,Incertae_sedis,Chrysosporium,Unclassified,A_Eurotiomycetes
Otu411,Fungi,Ascomycota,A_Eurotiomycetes,A_Phaeomoniellales,Phaeomoniellaceae,Unclassified,Unclassified,A_Eurotiomycetes
Otu63,Fungi,Ascomycota,A_Eurotiomycetes,A_Unclassified,Unclassified,Unclassified,Unclassified,A_Eurotiomycetes
Otu407,Fungi,Ascomycota,A_Eurotiomycetes,A_Unclassified,Unclassified,Unclassified,Unclassified,A_Eurotiomycetes
Otu358,Fungi,Ascomycota,A_Eurotiomycetes,A_Unclassified,Unclassified,Unclassified,Unclassified,A_Eurotiomycetes
Otu298,Fungi,Ascomycota,A_Eurotiomycetes,A_Unclassified,Unclassified,Unclassified,Unclassified,A_Eurotiomycetes
Otu230,Fungi,Ascomycota,A_Eurotiomycetes,A_Unclassified,Unclassified,Unclassified,Unclassified,A_Eurotiomycetes
Otu220,Fungi,Ascomycota,A_Eurotiomycetes,A_Unclassified,Unclassified,Unclassified,Unclassified,A_Eurotiomycetes
Otu43,Fungi,Ascomycota,A_Lecanoromycetes,A_Caliciales,Physciaceae,Physcia,Physcia aipolia,A_Lecanoromycetes
Otu326,Fungi,Ascomycota,A_Lecanoromycetes,A_Caliciales,Physciaceae,Physcia,Physcia aipolia,A_Lecanoromycetes
Otu366,Fungi,Ascomycota,A_Lecanoromycetes,A_Caliciales,Unclassified,Unclassified,Unclassified,A_Lecanoromycetes
Otu223,Fungi,Ascomycota,A_Lecanoromycetes,A_Caliciales,Unclassified,Unclassified,Unclassified,A_Lecanoromycetes
Otu219,Fungi,Ascomycota,A_Lecanoromycetes,A_Candelariales,Pycnoraceae,Pycnora,Pycnora sorophora,A_Lecanoromycetes
Otu218,Fungi,Ascomycota,A_Lecanoromycetes,A_Lecanorales,Parmeliaceae,Unclassified,Unclassified,A_Lecanoromycetes
Otu186,Fungi,Ascomycota,A_Lecanoromycetes,A_Lecanorales,Parmeliaceae,Flavopunctelia,Flavopunctelia flaventior,A_Lecanoromycetes
Otu118,Fungi,Ascomycota,A_Lecanoromycetes,A_Lecanorales,Parmeliaceae,Usnea,Usnea hirta,A_Lecanoromycetes
Otu347,Fungi,Ascomycota,A_Lecanoromycetes,A_Lecanorales,Unclassified,Unclassified,Unclassified,A_Lecanoromycetes
Otu340,Fungi,Ascomycota,A_Lecanoromycetes,A_Lecanorales,Unclassified,Unclassified,Unclassified,A_Lecanoromycetes
Otu184,Fungi,Ascomycota,A_Lecanoromycetes,A_Ostropales,Unclassified,Unclassified,Unclassified,A_Lecanoromycetes
Otu87,Fungi,Ascomycota,A_Lecanoromycetes,A_Rhizocarpales,Rhizocarpaceae,Rhizocarpon,Rhizocarpon disporum,A_Lecanoromycetes
Otu301,Fungi,Ascomycota,A_Lecanoromycetes,A_Teloschistales,Teloschistaceae,Caloplaca,Caloplaca pinicola,A_Lecanoromycetes
Otu263,Fungi,Ascomycota,A_Lecanoromycetes,A_Teloschistales,Teloschistaceae,Unclassified,Unclassified,A_Lecanoromycetes
Otu19,Fungi,Ascomycota,A_Lecanoromycetes,A_Teloschistales,Teloschistaceae,Polycauliona,Unclassified,A_Lecanoromycetes
Otu329,Fungi,Ascomycota,A_Lecanoromycetes,A_Unclassified,Unclassified,Unclassified,Unclassified,A_Lecanoromycetes
Otu136,Fungi,Ascomycota,A_Lecanoromycetes,A_Unclassified,Unclassified,Unclassified,Unclassified,A_Lecanoromycetes
Otu286,Fungi,Ascomycota,A_Leotiomycetes,A_Helotiales,Helotiaceae,Infundichalara,Infundichalara minuta,A_Leotiomycetes
Otu191,Fungi,Ascomycota,A_Leotiomycetes,A_Helotiales,Incertae_sedis,Chalara,Unclassified,A_Leotiomycetes
Otu54,Fungi,Ascomycota,A_Leotiomycetes,A_Helotiales,Myxotrichaceae,Oidiodendron,Oidiodendron truncatum,A_Leotiomycetes
Otu394,Fungi,Ascomycota,A_Leotiomycetes,A_Helotiales,Unclassified,Unclassified,Unclassified,A_Leotiomycetes
Otu390,Fungi,Ascomycota,A_Leotiomycetes,A_Helotiales,Unclassified,Unclassified,Unclassified,A_Leotiomycetes
Otu52,Fungi,Ascomycota,A_Leotiomycetes,A_Unclassified,Myxotrichaceae,Oidiodendron,Unclassified,A_Leotiomycetes
Otu303,Fungi,Ascomycota,A_Leotiomycetes,A_Unclassified,Pseudeurotiaceae,Pseudeurotiaceae,Pseudogymnoascus appendiculatus,A_Leotiomycetes
Otu7,Fungi,Ascomycota,A_Leotiomycetes,A_Thelebolales,Pseudeurotiaceae,Pseudogymnoascus,Unclassified,A_Leotiomycetes
Otu331,Fungi,Ascomycota,A_Leotiomycetes,A_Thelebolales,Pseudeurotiaceae,Geomyces,Unclassified,A_Leotiomycetes
Otu3,Fungi,Ascomycota,A_Leotiomycetes,A_Thelebolales,Pseudeurotiaceae,Pseudogymnoascus,Pseudogymnoascus roseus,A_Leotiomycetes
Otu341,Fungi,Ascomycota,A_Leotiomycetes,A_Thelebolales,Unclassified,Unclassified,Unclassified,A_Leotiomycetes
Otu349,Fungi,Ascomycota,A_Leotiomycetes,A_Unclassified,Unclassified,Unclassified,Unclassified,A_Leotiomycetes
Otu399,Fungi,Ascomycota,A_Orbiliomycetes,A_Orbiliales,Orbiliaceae,Orbilia,Unclassified,AO
Otu379,Fungi,Ascomycota,A_Orbiliomycetes,A_Orbiliales,Orbiliaceae,Orbilla,Unclassified,AO
Otu321,Fungi,Ascomycota,A_Orbiliomycetes,A_Orbiliales,Orbiliaceae,Orbilia,Unclassified,AO
Otu314,Fungi,Ascomycota,A_Saccharomycetes,A_Saccharomycetales,Debaryomycetaceae,Debaryomyces,Unclassified,A_Saccharomycetes
Otu143,Fungi,Ascomycota,A_Saccharomycetes,A_Saccharomycetales,Incertae_sedis,Candida,Unclassified,A_Saccharomycetes
Otu130,Fungi,Ascomycota,A_Saccharomycetes,A_Saccharomycetales,Incertae_sedis,Candida,Candida sake,A_Saccharomycetes
Otu116,Fungi,Ascomycota,A_Saccharomycetes,A_Saccharomycetales,Unclassified,Unclassified,Unclassified,A_Saccharomycetes
Otu307,Fungi,Ascomycota,A_Sordariomycetes,A_Coniochaetales,Unclassified,Unclassified,Unclassified,A_Sordariomycetes
Otu93,Fungi,Ascomycota,A_Sordariomycetes,A_Hypocreales,Cordycipitaceae,Unclassified,Unclassified,A_Sordariomycetes
Otu40,Fungi,Ascomycota,A_Sordariomycetes,A_Hypocreales,Cordycipitaceae,Simplicillium,Unclassified,A_Sordariomycetes
Otu351,Fungi,Ascomycota,A_Sordariomycetes,A_Hypocreales,Cordycipitaceae,Simplicillium,Unclassified,A_Sordariomycetes
Otu300,Fungi,Ascomycota,A_Sordariomycetes,A_Hypocreales,Cordycipitaceae,Simplicillium,Unclassified,A_Sordariomycetes
Otu30,Fungi,Ascomycota,A_Sordariomycetes,A_Hypocreales,Cordycipitaceae,Beauveria,Beauveria pseudobassiana,A_Sordariomycetes
Otu330,Fungi,Ascomycota,A_Sordariomycetes,A_Hypocreales,Incertae_sedis,Sarocladium,Sarocladium pseudostrictum,A_Sordariomycetes
Otu322,Fungi,Ascomycota,A_Sordariomycetes,A_Hypocreales,Incertae_sedis,Acremonium,Unclassified,A_Sordariomycetes
Otu29,Fungi,Ascomycota,A_Sordariomycetes,A_Hypocreales,Nectriaceae,Unclassified,Unclassified,A_Sordariomycetes
Otu28,Fungi,Ascomycota,A_Sordariomycetes,A_Hypocreales,Nectriaceae,Fusarium,Unclassified,A_Sordariomycetes
Otu227,Fungi,Ascomycota,A_Sordariomycetes,A_Hypocreales,Nectriaceae,Bisifusarium,Bisifusarium dimerum,A_Sordariomycetes
Otu356,Fungi,Ascomycota,A_Sordariomycetes,A_Hypocreales,Sarocladiaceae,Unclassified,Unclassified,A_Sordariomycetes
Otu354,Fungi,Ascomycota,A_Sordariomycetes,A_Hypocreales,Sarocladiaceae,Unclassified,Unclassified,A_Sordariomycetes
Otu134,Fungi,Ascomycota,A_Sordariomycetes,A_Hypocreales,Stachybotryaceae,Myrothecium,Myrothecium verrucaria,A_Sordariomycetes
Otu98,Fungi,Ascomycota,A_Sordariomycetes,A_Hypocreales,Unclassified,Unclassified,Unclassified,A_Sordariomycetes
Otu66,Fungi,Ascomycota,A_Sordariomycetes,A_Hypocreales,Unclassified,Unclassified,Unclassified,A_Sordariomycetes
Otu276,Fungi,Ascomycota,A_Sordariomycetes,A_Hypocreales,Unclassified,Unclassified,Unclassified,A_Sordariomycetes
Otu16,Fungi,Ascomycota,A_Sordariomycetes,A_Hypocreales,Unclassified,Unclassified,Unclassified,A_Sordariomycetes
Otu361,Fungi,Ascomycota,A_Sordariomycetes,A_Microascales,Microascaceae,Gamsia,Unclassified,A_Sordariomycetes
Otu114,Fungi,Ascomycota,A_Sordariomycetes,A_Microascales,Microascaceae,Cephalotrichum,Cephalotrichum stemonitis,A_Sordariomycetes
Otu6,Fungi,Ascomycota,A_Sordariomycetes,A_Microascales,Unclassified,Unclassified,Unclassified,A_Sordariomycetes
Otu294,Fungi,Ascomycota,A_Sordariomycetes,A_Sordariales,Chaetomiaceae,Unclassified,Unclassified,A_Sordariomycetes
Otu24,Fungi,Ascomycota,A_Sordariomycetes,A_Sordariales,Chaetomiaceae,Chaetomium,Unclassified,A_Sordariomycetes
Otu182,Fungi,Ascomycota,A_Sordariomycetes,A_Sordariales,Chaetomiaceae,Humicola,Humicola nigrescens,A_Sordariomycetes
Otu154,Fungi,Ascomycota,A_Sordariomycetes,A_Sordariales,Chaetomiaceae,Unclassified,Unclassified,A_Sordariomycetes
Otu151,Fungi,Ascomycota,A_Sordariomycetes,A_Sordariales,Chaetomiaceae,Chaetomium,Chaetomium homopilatum,A_Sordariomycetes
Otu56,Fungi,Ascomycota,A_Sordariomycetes,A_Sordariales,Sordariaceae,Sordaria,Sordaria fimicola,A_Sordariomycetes
Otu27,Fungi,Ascomycota,A_Sordariomycetes,A_Sordariales,Unclassified,Unclassified,Unclassified,A_Sordariomycetes
Otu105,Fungi,Ascomycota,A_Sordariomycetes,A_Sordariales,Unclassified,Unclassified,Unclassified,A_Sordariomycetes
Otu324,Fungi,Ascomycota,A_Sordariomycetes,A_Togniniales,Unclassified,Unclassified,Unclassified,A_Sordariomycetes
Otu100,Fungi,Ascomycota,A_Sordariomycetes,A_Trichosphaeriales,Trichosphaeriaceae,Nigrospora,Nigrospora oryzae,A_Sordariomycetes
Otu65,Fungi,Ascomycota,A_Sordariomycetes,A_Unclassified,Unclassified,Unclassified,Unclassified,A_Sordariomycetes
Otu46,Fungi,Ascomycota,A_Sordariomycetes,A_Unclassified,Unclassified,Unclassified,Unclassified,A_Sordariomycetes
Otu169,Fungi,Ascomycota,A_Sordariomycetes,A_Unclassified,Unclassified,Unclassified,Unclassified,A_Sordariomycetes
Otu99,Fungi,Ascomycota,A_Unclassified,A_Unclassified,Unclassified,Unclassified,Unclassified,AO
Otu97,Fungi,Ascomycota,A_Unclassified,A_Unclassified,Unclassified,Unclassified,Unclassified,AO
Otu86,Fungi,Ascomycota,A_Unclassified,A_Unclassified,Unclassified,Unclassified,Unclassified,AO
Otu79,Fungi,Ascomycota,A_Unclassified,A_Unclassified,Unclassified,Unclassified,Unclassified,AO
Otu71,Fungi,Ascomycota,A_Unclassified,A_Unclassified,Unclassified,Unclassified,Unclassified,AO
Otu70,Fungi,Ascomycota,A_Unclassified,A_Unclassified,Unclassified,Unclassified,Unclassified,AO
Otu67,Fungi,Ascomycota,A_Unclassified,A_Unclassified,Unclassified,Unclassified,Unclassified,AO
Otu53,Fungi,Ascomycota,A_Unclassified,A_Unclassified,Unclassified,Unclassified,Unclassified,AO
Otu48,Fungi,Ascomycota,A_Unclassified,A_Unclassified,Unclassified,Unclassified,Unclassified,AO
Otu413,Fungi,Ascomycota,A_Unclassified,A_Unclassified,Unclassified,Unclassified,Unclassified,AO
Otu412,Fungi,Ascomycota,A_Unclassified,A_Unclassified,Unclassified,Unclassified,Unclassified,AO
Otu41,Fungi,Ascomycota,A_Unclassified,A_Unclassified,Unclassified,Unclassified,Unclassified,AO
Otu406,Fungi,Ascomycota,A_Unclassified,A_Unclassified,Unclassified,Unclassified,Unclassified,AO
Otu403,Fungi,Ascomycota,A_Unclassified,A_Unclassified,Unclassified,Unclassified,Unclassified,AO
Otu397,Fungi,Ascomycota,A_Unclassified,A_Unclassified,Unclassified,Unclassified,Unclassified,AO
Otu391,Fungi,Ascomycota,A_Unclassified,A_Unclassified,Unclassified,Unclassified,Unclassified,AO
Otu380,Fungi,Ascomycota,A_Unclassified,A_Unclassified,Unclassified,Unclassified,Unclassified,AO
Otu374,Fungi,Ascomycota,A_Unclassified,A_Unclassified,Unclassified,Unclassified,Unclassified,AO
Otu371,Fungi,Ascomycota,A_Unclassified,A_Unclassified,Unclassified,Unclassified,Unclassified,AO
Otu369,Fungi,Ascomycota,A_Unclassified,A_Unclassified,Unclassified,Unclassified,Unclassified,AO
Otu360,Fungi,Ascomycota,A_Unclassified,A_Unclassified,Unclassified,Unclassified,Unclassified,AO
Otu359,Fungi,Ascomycota,A_Unclassified,A_Unclassified,Unclassified,Unclassified,Unclassified,AO
Otu357,Fungi,Ascomycota,A_Unclassified,A_Unclassified,Unclassified,Unclassified,Unclassified,AO
Otu355,Fungi,Ascomycota,A_Unclassified,A_Unclassified,Unclassified,Unclassified,Unclassified,AO
Otu353,Fungi,Ascomycota,A_Unclassified,A_Unclassified,Unclassified,Unclassified,Unclassified,AO
Otu348,Fungi,Ascomycota,A_Unclassified,A_Unclassified,Unclassified,Unclassified,Unclassified,AO
Otu342,Fungi,Ascomycota,A_Unclassified,A_Unclassified,Unclassified,Unclassified,Unclassified,AO
Otu337,Fungi,Ascomycota,A_Unclassified,A_Unclassified,Unclassified,Unclassified,Unclassified,AO
Otu334,Fungi,Ascomycota,A_Unclassified,A_Unclassified,Unclassified,Unclassified,Unclassified,AO
Otu325,Fungi,Ascomycota,A_Unclassified,A_Unclassified,Unclassified,Unclassified,Unclassified,AO
Otu323,Fungi,Ascomycota,A_Unclassified,A_Unclassified,Unclassified,Unclassified,Unclassified,AO
Otu313,Fungi,Ascomycota,A_Unclassified,A_Unclassified,Unclassified,Unclassified,Unclassified,AO
Otu306,Fungi,Ascomycota,A_Unclassified,A_Unclassified,Unclassified,Unclassified,Unclassified,AO
Otu304,Fungi,Ascomycota,A_Unclassified,A_Unclassified,Unclassified,Unclassified,Unclassified,AO
Otu297,Fungi,Ascomycota,A_Unclassified,A_Unclassified,Unclassified,Unclassified,Unclassified,AO
Otu295,Fungi,Ascomycota,A_Unclassified,A_Unclassified,Unclassified,Unclassified,Unclassified,AO
Otu293,Fungi,Ascomycota,A_Unclassified,A_Unclassified,Unclassified,Unclassified,Unclassified,AO
Otu291,Fungi,Ascomycota,A_Unclassified,A_Unclassified,Unclassified,Unclassified,Unclassified,AO
Otu282,Fungi,Ascomycota,A_Unclassified,A_Unclassified,Unclassified,Unclassified,Unclassified,AO
Otu277,Fungi,Ascomycota,A_Unclassified,A_Unclassified,Unclassified,Unclassified,Unclassified,AO
Otu273,Fungi,Ascomycota,A_Unclassified,A_Unclassified,Unclassified,Unclassified,Unclassified,AO
Otu269,Fungi,Ascomycota,A_Unclassified,A_Unclassified,Unclassified,Unclassified,Unclassified,AO
Otu268,Fungi,Ascomycota,A_Unclassified,A_Unclassified,Unclassified,Unclassified,Unclassified,AO
Otu266,Fungi,Ascomycota,A_Unclassified,A_Unclassified,Unclassified,Unclassified,Unclassified,AO
Otu257,Fungi,Ascomycota,A_Unclassified,A_Unclassified,Unclassified,Unclassified,Unclassified,AO
Otu256,Fungi,Ascomycota,A_Unclassified,A_Unclassified,Unclassified,Unclassified,Unclassified,AO
Otu254,Fungi,Ascomycota,A_Unclassified,A_Unclassified,Unclassified,Unclassified,Unclassified,AO
Otu251,Fungi,Ascomycota,A_Unclassified,A_Unclassified,Unclassified,Unclassified,Unclassified,AO
Otu249,Fungi,Ascomycota,A_Unclassified,A_Unclassified,Unclassified,Unclassified,Unclassified,AO
Otu241,Fungi,Ascomycota,A_Unclassified,A_Unclassified,Unclassified,Unclassified,Unclassified,AO
Otu235,Fungi,Ascomycota,A_Unclassified,A_Unclassified,Unclassified,Unclassified,Unclassified,AO
Otu234,Fungi,Ascomycota,A_Unclassified,A_Unclassified,Unclassified,Unclassified,Unclassified,AO
Otu229,Fungi,Ascomycota,A_Unclassified,A_Unclassified,Unclassified,Unclassified,Unclassified,AO
Otu226,Fungi,Ascomycota,A_Unclassified,A_Unclassified,Unclassified,Unclassified,Unclassified,AO
Otu221,Fungi,Ascomycota,A_Unclassified,A_Unclassified,Unclassified,Unclassified,Unclassified,AO
Otu217,Fungi,Ascomycota,A_Unclassified,A_Unclassified,Unclassified,Unclassified,Unclassified,AO
Otu215,Fungi,Ascomycota,A_Unclassified,A_Unclassified,Unclassified,Unclassified,Unclassified,AO
Otu213,Fungi,Ascomycota,A_Unclassified,A_Unclassified,Unclassified,Unclassified,Unclassified,AO
Otu202,Fungi,Ascomycota,A_Unclassified,A_Unclassified,Unclassified,Unclassified,Unclassified,AO
Otu201,Fungi,Ascomycota,A_Unclassified,A_Unclassified,Unclassified,Unclassified,Unclassified,AO
Otu200,Fungi,Ascomycota,A_Unclassified,A_Unclassified,Unclassified,Unclassified,Unclassified,AO
Otu198,Fungi,Ascomycota,A_Unclassified,A_Unclassified,Unclassified,Unclassified,Unclassified,AO
Otu194,Fungi,Ascomycota,A_Unclassified,A_Unclassified,Unclassified,Unclassified,Unclassified,AO
Otu193,Fungi,Ascomycota,A_Unclassified,A_Unclassified,Unclassified,Unclassified,Unclassified,AO
Otu192,Fungi,Ascomycota,A_Unclassified,A_Unclassified,Unclassified,Unclassified,Unclassified,AO
Otu179,Fungi,Ascomycota,A_Unclassified,A_Unclassified,Unclassified,Unclassified,Unclassified,AO
Otu171,Fungi,Ascomycota,A_Unclassified,A_Unclassified,Unclassified,Unclassified,Unclassified,AO
Otu170,Fungi,Ascomycota,A_Unclassified,A_Unclassified,Unclassified,Unclassified,Unclassified,AO
Otu168,Fungi,Ascomycota,A_Unclassified,A_Unclassified,Unclassified,Unclassified,Unclassified,AO
Otu164,Fungi,Ascomycota,A_Unclassified,A_Unclassified,Unclassified,Unclassified,Unclassified,AO
Otu162,Fungi,Ascomycota,A_Unclassified,A_Unclassified,Unclassified,Unclassified,Unclassified,AO
Otu161,Fungi,Ascomycota,A_Unclassified,A_Unclassified,Unclassified,Unclassified,Unclassified,AO
Otu155,Fungi,Ascomycota,A_Unclassified,A_Unclassified,Unclassified,Unclassified,Unclassified,AO
Otu149,Fungi,Ascomycota,A_Unclassified,A_Unclassified,Unclassified,Unclassified,Unclassified,AO
Otu146,Fungi,Ascomycota,A_Unclassified,A_Unclassified,Unclassified,Unclassified,Unclassified,AO
Otu140,Fungi,Ascomycota,A_Unclassified,A_Unclassified,Unclassified,Unclassified,Unclassified,AO
Otu131,Fungi,Ascomycota,A_Unclassified,A_Unclassified,Unclassified,Unclassified,Unclassified,AO
Otu128,Fungi,Ascomycota,A_Unclassified,A_Unclassified,Unclassified,Unclassified,Unclassified,AO
Otu126,Fungi,Ascomycota,A_Unclassified,A_Unclassified,Unclassified,Unclassified,Unclassified,AO
Otu113,Fungi,Ascomycota,A_Unclassified,A_Unclassified,Unclassified,Unclassified,Unclassified,AO
Otu112,Fungi,Ascomycota,A_Unclassified,A_Unclassified,Unclassified,Unclassified,Unclassified,AO
Otu344,Fungi,Basidiomycota,B_Agaricomycetes,B_Agaricales,Agaricaceae,Tulostoma,Unclassified,B_Agaricomycetes
Otu238,Fungi,Basidiomycota,B_Agaricomycetes,B_Agaricales,Agaricaceae,Tulostoma,Unclassified,B_Agaricomycetes
Otu377,Fungi,Basidiomycota,B_Agaricomycetes,B_Agaricales,Unclassified,Unclassified,Unclassified,B_Agaricomycetes
Otu174,Fungi,Basidiomycota,B_Agaricomycetes,B_Agaricales,Unclassified,Unclassified,Unclassified,B_Agaricomycetes
Otu315,Fungi,Basidiomycota,B_Agaricomycetes,B_Cantharellales,Clavulinaceae,Clavulina,Unclassified,B_Agaricomycetes
Otu144,Fungi,Basidiomycota,B_Agaricomycetes,B_Corticiales,Corticiaceae,Corticium,Unclassified,B_Agaricomycetes
Otu18,Fungi,Basidiomycota,B_Agaricomycetes,B_Polyporales,Ischnodermataceae,Ischnoderma,Ischnoderma benzoinum,B_Agaricomycetes
Otu23,Fungi,Basidiomycota,B_Agaricomycetes,B_Polyporales,Meruliaceae,Phlebiopsis,Phlebiopsis gigantea,B_Agaricomycetes
Otu42,Fungi,Basidiomycota,B_Agaricomycetes,B_Russulales,Peniophoraceae,Peniophora,Peniophora pithya,B_Agaricomycetes
Otu85,Fungi,Basidiomycota,B_Agaricomycetes,B_Russulales,Stereaceae,Stereum,Unclassified,B_Agaricomycetes
Otu77,Fungi,Basidiomycota,B_Agaricomycetes,B_Russulales,Stereaceae,Stereum,Unclassified,B_Agaricomycetes
Otu17,Fungi,Basidiomycota,B_Agaricomycetes,B_Unclassified,Unclassified,Unclassified,Unclassified,B_Agaricomycetes
Otu222,Fungi,Basidiomycota,B_Cystobasidiomycetes,B_Unclassified,Unclassified,Unclassified,Unclassified,BO
Otu270,Fungi,Basidiomycota,B_Malasseziomycetes,B_Malasseziales,Malasseziaceae,Malassezia,Malassezia globosa,B_Malasseziomycetes
Otu22,Fungi,Basidiomycota,B_Malasseziomycetes,B_Malasseziales,Malasseziaceae,Malassezia,Malassezia restricta,B_Malasseziomycetes
Otu21,Fungi,Basidiomycota,B_Malasseziomycetes,B_Malasseziales,Malasseziaceae,Malassezia,Unclassified,B_Malasseziomycetes
Otu31,Fungi,Basidiomycota,B_Malasseziomycetes,B_Malasseziales,Unclassified,Unclassified,Unclassified,B_Malasseziomycetes
Otu8,Fungi,Basidiomycota,B_Microbotryomycetes,B_Leucosporidiales,Leucosporidiaceae,Leucosporidium,Unclassified,B_Microbotryomycetes
Otu115,Fungi,Basidiomycota,B_Microbotryomycetes,B_Leucosporidiales,Leucosporidiaceae,Leucosporidium,Unclassified,B_Microbotryomycetes
Otu338,Fungi,Basidiomycota,B_Tremellomycetes,B_Filobasidiales,Filobasidiaceae,Filobasidium,Unclassified,B_Tremellomycetes
Otu290,Fungi,Basidiomycota,B_Tremellomycetes,B_Filobasidiales,Filobasidiaceae,Filobasidium,Filobasidium wieringae,B_Tremellomycetes
Otu287,Fungi,Basidiomycota,B_Tremellomycetes,B_Filobasidiales,Filobasidiaceae,Filobasidium,Filobasidium wieringae,B_Tremellomycetes
Otu265,Fungi,Basidiomycota,B_Tremellomycetes,B_Filobasidiales,Filobasidiaceae,Unclassified,Unclassified,B_Tremellomycetes
Otu165,Fungi,Basidiomycota,B_Tremellomycetes,B_Tremellales,Bulleraceae,Unclassified,Unclassified,B_Tremellomycetes
Otu74,Fungi,Basidiomycota,B_Tremellomycetes,B_Tremellales,Bulleribasidiaceae,Hannaella,Hannaella sinensis,B_Tremellomycetes
Otu319,Fungi,Basidiomycota,B_Tremellomycetes,B_Tremellales,Bulleribasidiaceae,Vishniacozyma,Unclassified,B_Tremellomycetes
Otu248,Fungi,Basidiomycota,B_Tremellomycetes,B_Tremellales,Bulleribasidiaceae,Vishniacozyma,Vishniacozyma carnescens,B_Tremellomycetes
Otu350,Fungi,Basidiomycota,B_Tremellomycetes,B_Tremellales,Cuniculitremaceae,Kockovaella,Kockovaella lichenicola,B_Tremellomycetes
Otu333,Fungi,Basidiomycota,B_Tremellomycetes,B_Tremellales,Rhynchogastremataceae,Papiliotrema,Unclassified,B_Tremellomycetes
Otu328,Fungi,Basidiomycota,B_Tremellomycetes,B_Tremellales,Tremellaceae,Cryptococcus,Unclassified,B_Tremellomycetes
Otu176,Fungi,Basidiomycota,B_Tremellomycetes,B_Tremellales,Tremellaceae,Cryptococcus,Unclassified,B_Tremellomycetes
Otu13,Fungi,Basidiomycota,B_Tremellomycetes,B_Tremellales,Trimorphomycetaceae,Saitozyma,Saitozyma paraflava,B_Tremellomycetes
Otu61,Fungi,Basidiomycota,B_Tremellomycetes,B_Tremellales,Unclassified,Unclassified,Unclassified,B_Tremellomycetes
Otu372,Fungi,Basidiomycota,B_Tremellomycetes,B_Tremellales,Unclassified,Unclassified,Unclassified,B_Tremellomycetes
Otu211,Fungi,Basidiomycota,B_Tremellomycetes,B_Tremellales,Unclassified,Unclassified,Unclassified,B_Tremellomycetes
Otu175,Fungi,Basidiomycota,B_Tremellomycetes,B_Tremellales,Unclassified,Unclassified,Unclassified,B_Tremellomycetes
Otu141,Fungi,Basidiomycota,B_Tremellomycetes,B_Tremellales,Unclassified,Unclassified,Unclassified,B_Tremellomycetes
Otu212,Fungi,Basidiomycota,B_Tremellomycetes,B_Tremellales,Unclassified,Unclassified,Unclassified,B_Tremellomycetes
Otu409,Fungi,Basidiomycota,B_Unclassified,B_Unclassified,Unclassified,Unclassified,Unclassified,BO
Otu404,Fungi,Basidiomycota,B_Unclassified,B_Unclassified,Unclassified,Unclassified,Unclassified,BO
Otu388,Fungi,Basidiomycota,B_Unclassified,B_Unclassified,Unclassified,Unclassified,Unclassified,BO
Otu378,Fungi,Basidiomycota,B_Unclassified,B_Unclassified,Unclassified,Unclassified,Unclassified,BO
Otu339,Fungi,Basidiomycota,B_Unclassified,B_Unclassified,Unclassified,Unclassified,Unclassified,BO
Otu310,Fungi,Basidiomycota,B_Unclassified,B_Unclassified,Unclassified,Unclassified,Unclassified,BO
Otu309,Fungi,Basidiomycota,B_Unclassified,B_Unclassified,Unclassified,Unclassified,Unclassified,BO
Otu279,Fungi,Basidiomycota,B_Unclassified,B_Unclassified,Unclassified,Unclassified,Unclassified,BO
Otu258,Fungi,Basidiomycota,B_Unclassified,B_Unclassified,Unclassified,Unclassified,Unclassified,BO
Otu240,Fungi,Basidiomycota,B_Unclassified,B_Unclassified,Unclassified,Unclassified,Unclassified,BO
Otu239,Fungi,Basidiomycota,B_Unclassified,B_Unclassified,Unclassified,Unclassified,Unclassified,BO
Otu183,Fungi,Basidiomycota,B_Unclassified,B_Unclassified,Unclassified,Unclassified,Unclassified,BO
Otu159,Fungi,Basidiomycota,B_Unclassified,B_Unclassified,Unclassified,Unclassified,Unclassified,BO
Otu158,Fungi,Basidiomycota,B_Unclassified,B_Unclassified,Unclassified,Unclassified,Unclassified,BO
Otu132,Fungi,Basidiomycota,B_Unclassified,B_Unclassified,Unclassified,Unclassified,Unclassified,BO
Otu260,Fungi,Basidiomycota,B_Wallemiomycetes,B_Wallemiales,Wallemiaceae,Wallemia,Unclassified,BO
Otu243,Fungi,Basidiomycota,B_Wallemiomycetes,B_Wallemiales,Wallemiaceae,Wallemia,Wallemia canadensis,BO
Otu60,Fungi,Mucoromycota,M_Mortierellomycetes,M_Mortierellales,Mortierellaceae,Mortierella,Mortierella hyalina,M_Mortierellomycetes
Otu51,Fungi,Mucoromycota,M_Mortierellomycetes,M_Mortierellales,Mortierellaceae,Mortierella,Mortierella parvispora,M_Mortierellomycetes
Otu50,Fungi,Mucoromycota,M_Mortierellomycetes,M_Mortierellales,Mortierellaceae,Mortierella,Unclassified,M_Mortierellomycetes
Otu49,Fungi,Mucoromycota,M_Mortierellomycetes,M_Mortierellales,Mortierellaceae,Mortierella,Mortierella hyalina,M_Mortierellomycetes
Otu47,Fungi,Mucoromycota,M_Mortierellomycetes,M_Mortierellales,Mortierellaceae,Mortierella,Unclassified,M_Mortierellomycetes
Otu45,Fungi,Mucoromycota,M_Mortierellomycetes,M_Mortierellales,Mortierellaceae,Mortierella,Unclassified,M_Mortierellomycetes
Otu4,Fungi,Mucoromycota,M_Mortierellomycetes,M_Mortierellales,Mortierellaceae,Mortierella,Mortierella parvispora,M_Mortierellomycetes
Otu39,Fungi,Mucoromycota,M_Mortierellomycetes,M_Mortierellales,Mortierellaceae,Mortierella,Mortierella exigua,M_Mortierellomycetes
Otu167,Fungi,Mucoromycota,M_Mortierellomycetes,M_Mortierellales,Mortierellaceae,Mortierella,Unclassified,M_Mortierellomycetes
Otu15,Fungi,Mucoromycota,M_Mortierellomycetes,M_Mortierellales,Mortierellaceae,Mortierella,Mortierella amoeboidea,M_Mortierellomycetes
Otu147,Fungi,Mucoromycota,M_Mortierellomycetes,M_Mortierellales,Mortierellaceae,Mortierella,Unclassified,M_Mortierellomycetes
Otu135,Fungi,Mucoromycota,M_Mortierellomycetes,M_Mortierellales,Mortierellaceae,Mortierella,Mortierella polygonia,M_Mortierellomycetes
Otu12,Fungi,Mucoromycota,M_Mortierellomycetes,M_Mortierellales,Mortierellaceae,Mortierella,Mortierella fimbricystis,M_Mortierellomycetes
Otu109,Fungi,Mucoromycota,M_Mortierellomycetes,M_Mortierellales,Unclassified,Unclassified,Unclassified,M_Mortierellomycetes
Otu73,Fungi,Mucoromycota,M_Mucoromycetes,M_Mucorales,Mucoraceae,Unclassified,Unclassified,M_Mucoromycetes
Otu72,Fungi,Mucoromycota,M_Mucoromycetes,M_Mucorales,Mucoraceae,Unclassified,Unclassified,M_Mucoromycetes
Otu384,Fungi,Unclassified,Unclassified,Unclassified,Unclassified,Unclassified,Unclassified,Unclassified
Otu383,Fungi,Unclassified,Unclassified,Unclassified,Unclassified,Unclassified,Unclassified,Unclassified
Otu375,Fungi,Unclassified,Unclassified,Unclassified,Unclassified,Unclassified,Unclassified,Unclassified
Otu365,Fungi,Unclassified,Unclassified,Unclassified,Unclassified,Unclassified,Unclassified,Unclassified
Otu335,Fungi,Unclassified,Unclassified,Unclassified,Unclassified,Unclassified,Unclassified,Unclassified
Otu26,Fungi,Unclassified,Unclassified,Unclassified,Unclassified,Unclassified,Unclassified,Unclassified
Otu2,Fungi,Unclassified,Unclassified,Unclassified,Unclassified,Unclassified,Unclassified,Unclassified
Otu142,Fungi,Unclassified,Unclassified,Unclassified,Unclassified,Unclassified,Unclassified,Unclassified